{
  "处理步骤说明": {
    "1.输入波形": "原始音频波形数据",
    "2.音量放大": "将音频数据放大2^15倍",
    "3.Fbank特征": "使用Kaldi风格提取的Fbank特征",
    "4.LFR输入": "送入LFR处理的特征",
    "5.LFR输出": "LFR处理后的特征",
    "6.CMVN输入": "送入CMVN归一化的特征",
    "7.CMVN输出": "CMVN归一化后的特征",
    "8.最终输出": "最终处理完成的特征"
  },
  "参数配置": {
    "采样率": 16000,
    "Mel滤波器数": 80,
    "帧长(ms)": 25,
    "帧移(ms)": 10,
    "窗函数": "hamming",
    "FFT点数": 400,
    "最小频率": 0,
    "最大频率": 8000.0,
    "LFR_m": 5,
    "LFR_n": 1,
    "抖动系数": 1.0
  },
  "处理步骤": {
    "1.输入波形": {
      "shape": [
        1,
        103424
      ],
      "数据类型": "torch.float32",
      "数值范围": {
        "最小值": -0.04058837890625,
        "最大值": 0.061614990234375,
        "平均值": 0.00022875524882692844
      },
      "第一帧前5个数值": [
        -0.001068115234375,
        -0.000335693359375,
        -0.001068115234375,
        -0.001800537109375,
        -0.00299072265625
      ]
    },
    "2.音量放大": {
      "shape": [
        1,
        103424
      ],
      "数据类型": "torch.float32",
      "数值范围": {
        "最小值": -1330.0,
        "最大值": 2019.0,
        "平均值": 7.495851993560791
      },
      "第一帧前5个数值": [
        -35.0,
        -11.0,
        -35.0,
        -59.0,
        -98.0
      ]
    },
    "3.Fbank特征": {
      "shape": [
        644,
        80
      ],
      "数据类型": "torch.float32",
      "数值范围": {
        "最小值": 2.934011459350586,
        "最大值": 21.91221809387207,
        "平均值": 13.650327682495117
      },
      "第一帧前5个数值": [
        8.745061874389648,
        8.787187576293945,
        8.765336990356445,
        10.269148826599121,
        9.96447467803955
      ]
    },
    "4.LFR输入": {
      "shape": [
        644,
        80
      ],
      "数据类型": "torch.float32",
      "数值范围": {
        "最小值": 2.934011459350586,
        "最大值": 21.91221809387207,
        "平均值": 13.650327682495117
      },
      "第一帧前5个数值": [
        8.745061874389648,
        8.787187576293945,
        8.765336990356445,
        10.269148826599121,
        9.96447467803955
      ]
    },
    "5.LFR输出": {
      "shape": [
        644,
        400
      ],
      "数据类型": "torch.float32",
      "数值范围": {
        "最小值": 2.934011459350586,
        "最大值": 21.91221809387207,
        "平均值": 13.648598670959473
      },
      "第一帧前5个数值": [
        8.745061874389648,
        8.787187576293945,
        8.765336990356445,
        10.269148826599121,
        9.96447467803955
      ]
    },
    "6.CMVN输入": {
      "shape": [
        644,
        400
      ],
      "数据类型": "torch.float32",
      "数值范围": {
        "最小值": 2.934011459350586,
        "最大值": 21.91221809387207,
        "平均值": 13.648598670959473
      },
      "第一帧前5个数值": [
        8.745061874389648,
        8.787187576293945,
        8.765336990356445,
        10.269148826599121,
        9.96447467803955
      ]
    },
    "7.CMVN输出": {
      "shape": [
        644,
        400
      ],
      "数据类型": "torch.float32",
      "数值范围": {
        "最小值": -1.0382468700408936,
        "最大值": 1.0991052389144897,
        "平均值": 0.009595663286745548
      },
      "第一帧前5个数值": [
        0.06747903674840927,
        0.028776582330465317,
        -0.1299174427986145,
        -0.025332437828183174,
        -0.18801939487457275
      ]
    },
    "8.最终输出": {
      "shape": [
        644,
        400
      ],
      "数据类型": "torch.float32",
      "数值范围": {
        "最小值": -1.0382468700408936,
        "最大值": 1.0991052389144897,
        "平均值": 0.009595663286745548
      },
      "第一帧前5个数值": [
        0.06747903674840927,
        0.028776582330465317,
        -0.1299174427986145,
        -0.025332437828183174,
        -0.18801939487457275
      ]
    }
  }
}