{
  "处理步骤说明": {
    "1.输入波形": "原始音频波形数据",
    "2.音量放大": "将音频数据放大2^15倍",
    "3.Fbank特征": "使用Kaldi风格提取的Fbank特征",
    "4.LFR输入": "送入LFR处理的特征",
    "5.LFR输出": "LFR处理后的特征",
    "6.CMVN输入": "送入CMVN归一化的特征",
    "7.CMVN输出": "CMVN归一化后的特征",
    "8.最终输出": "最终处理完成的特征"
  },
  "参数配置": {
    "采样率": 16000,
    "Mel滤波器数": 80,
    "帧长(ms)": 25,
    "帧移(ms)": 10,
    "窗函数": "hamming",
    "FFT点数": 400,
    "最小频率": 0,
    "最大频率": 8000.0,
    "LFR_m": 5,
    "LFR_n": 1,
    "抖动系数": 0.0
  },
  "处理步骤": {
    "1.输入波形": {
      "shape": [
        1,
        103424
      ],
      "数据类型": "torch.float32",
      "数值范围": {
        "最小值": -0.04058837890625,
        "最大值": 0.061614990234375,
        "平均值": 0.00022875524882692844
      },
      "第一帧前5个数值": [
        -0.001068115234375,
        -0.000335693359375,
        -0.001068115234375,
        -0.001800537109375,
        -0.00299072265625
      ]
    },
    "2.音量放大": {
      "shape": [
        1,
        103424
      ],
      "数据类型": "torch.float32",
      "数值范围": {
        "最小值": -1330.0,
        "最大值": 2019.0,
        "平均值": 7.495851993560791
      },
      "第一帧前5个数值": [
        -35.0,
        -11.0,
        -35.0,
        -59.0,
        -98.0
      ]
    },
    "3.Fbank特征": {
      "shape": [
        644,
        80
      ],
      "数据类型": "torch.float32",
      "数值范围": {
        "最小值": 3.282425880432129,
        "最大值": 21.9116268157959,
        "平均值": 13.647255897521973
      },
      "第一帧前5个数值": [
        8.75043773651123,
        8.79744815826416,
        8.755270004272461,
        10.258278846740723,
        9.951376914978027
      ]
    },
    "4.LFR输入": {
      "shape": [
        644,
        80
      ],
      "数据类型": "torch.float32",
      "数值范围": {
        "最小值": 3.282425880432129,
        "最大值": 21.9116268157959,
        "平均值": 13.647255897521973
      },
      "第一帧前5个数值": [
        8.75043773651123,
        8.79744815826416,
        8.755270004272461,
        10.258278846740723,
        9.951376914978027
      ]
    },
    "5.LFR输出": {
      "shape": [
        644,
        400
      ],
      "数据类型": "torch.float32",
      "数值范围": {
        "最小值": 3.282425880432129,
        "最大值": 21.9116268157959,
        "平均值": 13.645508766174316
      },
      "第一帧前5个数值": [
        8.75043773651123,
        8.79744815826416,
        8.755270004272461,
        10.258278846740723,
        9.951376914978027
      ]
    },
    "6.CMVN输入": {
      "shape": [
        644,
        400
      ],
      "数据类型": "torch.float32",
      "数值范围": {
        "最小值": 3.282425880432129,
        "最大值": 21.9116268157959,
        "平均值": 13.645508766174316
      },
      "第一帧前5个数值": [
        8.75043773651123,
        8.79744815826416,
        8.755270004272461,
        10.258278846740723,
        9.951376914978027
      ]
    },
    "7.CMVN输出": {
      "shape": [
        644,
        400
      ],
      "数据类型": "torch.float32",
      "数值范围": {
        "最小值": -1.0482808351516724,
        "最大值": 1.0988094806671143,
        "平均值": 0.009131964296102524
      },
      "第一帧前5个数值": [
        0.06831645965576172,
        0.030361678451299667,
        -0.13145504891872406,
        -0.02698327973484993,
        -0.18999195098876953
      ]
    },
    "8.最终输出": {
      "shape": [
        644,
        400
      ],
      "数据类型": "torch.float32",
      "数值范围": {
        "最小值": -1.0482808351516724,
        "最大值": 1.0988094806671143,
        "平均值": 0.009131964296102524
      },
      "第一帧前5个数值": [
        0.06831645965576172,
        0.030361678451299667,
        -0.13145504891872406,
        -0.02698327973484993,
        -0.18999195098876953
      ]
    }
  }
}