{
  "defaults": {
    "ops": {
      "is_output_quantized": "True",
      "is_symmetric": "True"
    },
    "params": {
      "is_quantized": "True",
      "is_symmetric": "True"
    }
  },
  "params": {
    "bias": {
      "is_quantized": "False"
    },
    "C": {
      "is_quantized": "False"
    },
    "scale": {
      "is_quantized": "False"
    },
    "mean": {
      "is_quantized": "False"
    },
    "var": {
      "is_quantized": "False"
    }
  },
  "op_type": {
    "Conv": {
      "is_input_quantized": "True"
    },
    "ConvTranspose": {
      "is_input_quantized": "True"
    },
    "Gemm": {
      "is_input_quantized": "True"
    },
    "MatMul": {
      "is_input_quantized": "True"
    },
    "Add": {
      "is_input_quantized": "True"
    },
    "Sub": {
      "is_input_quantized": "True"
    },
    "Mul": {
      "is_input_quantized": "True"
    },
    "Div": {
      "is_input_quantized": "True"
    },
    "Relu": {
      "is_input_quantized": "True"
    },
    "Tanh": {
      "is_input_quantized": "True"
    },
    "Sigmoid": {
      "is_input_quantized": "True"
    },
    "Clip": {
      "is_input_quantized": "True"
    },
    "LeakyRelu": {
      "is_input_quantized": "True"
    },
    "HardSwish": {
      "is_input_quantized": "True"
    }
  },
  "supergroups": [
    {
      "op_list": [
        "Conv",
        "Relu"
      ]
    },
    {
      "op_list": [
        "Conv",
        "Clip"
      ]
    },
    {
      "op_list": [
        "Gemm",
        "Relu"
      ]
    },
    {
      "op_list": [
        "Gemm",
        "Clip"
      ]
    },
    {
      "op_list": [
        "MatMul",
        "Relu"
      ]
    },
    {
      "op_list": [
        "Add",
        "Relu"
      ]
    },
    {
      "op_list": [
        "Mul",
        "Relu"
      ]
    }
  ],
  "model_input": {
    "is_input_quantized": "True"
  },
  "model_output": {
    "is_output_quantized": "True"
  },
  "op_name": {
    "fsmn_layer_0.linear": {
      "is_input_quantized": "True",
      "is_output_quantized": "True"
    },
    "fsmn_layer_0.fsmn_block": {
      "is_input_quantized": "True",
      "is_output_quantized": "True"
    },
    "fsmn_layer_0.affine": {
      "is_input_quantized": "True",
      "is_output_quantized": "True"
    },
    "fsmn_layer_0.linear.linear": {
      "is_input_quantized": "True",
      "is_output_quantized": "True"
    },
    "fsmn_layer_0.linear.fsmn_block": {
      "is_input_quantized": "True",
      "is_output_quantized": "True"
    },
    "fsmn_layer_0.linear.affine": {
      "is_input_quantized": "True",
      "is_output_quantized": "True"
    },
    "fsmn_layer_0.linear.linear.linear": {
      "is_input_quantized": "True",
      "is_output_quantized": "True"
    },
    "fsmn_layer_0.linear.linear.fsmn_block": {
      "is_input_quantized": "True",
      "is_output_quantized": "True"
    },
    "fsmn_layer_0.linear.linear.affine": {
      "is_input_quantized": "True",
      "is_output_quantized": "True"
    },
    "fsmn_layer_0.fsmn_block.linear": {
      "is_input_quantized": "True",
      "is_output_quantized": "True"
    },
    "fsmn_layer_0.fsmn_block.fsmn_block": {
      "is_input_quantized": "True",
      "is_output_quantized": "True"
    },
    "fsmn_layer_0.fsmn_block.affine": {
      "is_input_quantized": "True",
      "is_output_quantized": "True"
    },
    "fsmn_layer_0.fsmn_block.conv_left.linear": {
      "is_input_quantized": "True",
      "is_output_quantized": "True"
    },
    "fsmn_layer_0.fsmn_block.conv_left.fsmn_block": {
      "is_input_quantized": "True",
      "is_output_quantized": "True"
    },
    "fsmn_layer_0.fsmn_block.conv_left.affine": {
      "is_input_quantized": "True",
      "is_output_quantized": "True"
    },
    "fsmn_layer_0.affine.linear": {
      "is_input_quantized": "True",
      "is_output_quantized": "True"
    },
    "fsmn_layer_0.affine.fsmn_block": {
      "is_input_quantized": "True",
      "is_output_quantized": "True"
    },
    "fsmn_layer_0.affine.affine": {
      "is_input_quantized": "True",
      "is_output_quantized": "True"
    },
    "fsmn_layer_0.affine.linear.linear": {
      "is_input_quantized": "True",
      "is_output_quantized": "True"
    },
    "fsmn_layer_0.affine.linear.fsmn_block": {
      "is_input_quantized": "True",
      "is_output_quantized": "True"
    },
    "fsmn_layer_0.affine.linear.affine": {
      "is_input_quantized": "True",
      "is_output_quantized": "True"
    },
    "fsmn_layer_0.relu.linear": {
      "is_input_quantized": "True",
      "is_output_quantized": "True"
    },
    "fsmn_layer_0.relu.fsmn_block": {
      "is_input_quantized": "True",
      "is_output_quantized": "True"
    },
    "fsmn_layer_0.relu.affine": {
      "is_input_quantized": "True",
      "is_output_quantized": "True"
    },
    "fsmn_layer_1.linear": {
      "is_input_quantized": "True",
      "is_output_quantized": "True"
    },
    "fsmn_layer_1.fsmn_block": {
      "is_input_quantized": "True",
      "is_output_quantized": "True"
    },
    "fsmn_layer_1.affine": {
      "is_input_quantized": "True",
      "is_output_quantized": "True"
    },
    "fsmn_layer_1.linear.linear": {
      "is_input_quantized": "True",
      "is_output_quantized": "True"
    },
    "fsmn_layer_1.linear.fsmn_block": {
      "is_input_quantized": "True",
      "is_output_quantized": "True"
    },
    "fsmn_layer_1.linear.affine": {
      "is_input_quantized": "True",
      "is_output_quantized": "True"
    },
    "fsmn_layer_1.linear.linear.linear": {
      "is_input_quantized": "True",
      "is_output_quantized": "True"
    },
    "fsmn_layer_1.linear.linear.fsmn_block": {
      "is_input_quantized": "True",
      "is_output_quantized": "True"
    },
    "fsmn_layer_1.linear.linear.affine": {
      "is_input_quantized": "True",
      "is_output_quantized": "True"
    },
    "fsmn_layer_1.fsmn_block.linear": {
      "is_input_quantized": "True",
      "is_output_quantized": "True"
    },
    "fsmn_layer_1.fsmn_block.fsmn_block": {
      "is_input_quantized": "True",
      "is_output_quantized": "True"
    },
    "fsmn_layer_1.fsmn_block.affine": {
      "is_input_quantized": "True",
      "is_output_quantized": "True"
    },
    "fsmn_layer_1.fsmn_block.conv_left.linear": {
      "is_input_quantized": "True",
      "is_output_quantized": "True"
    },
    "fsmn_layer_1.fsmn_block.conv_left.fsmn_block": {
      "is_input_quantized": "True",
      "is_output_quantized": "True"
    },
    "fsmn_layer_1.fsmn_block.conv_left.affine": {
      "is_input_quantized": "True",
      "is_output_quantized": "True"
    },
    "fsmn_layer_1.affine.linear": {
      "is_input_quantized": "True",
      "is_output_quantized": "True"
    },
    "fsmn_layer_1.affine.fsmn_block": {
      "is_input_quantized": "True",
      "is_output_quantized": "True"
    },
    "fsmn_layer_1.affine.affine": {
      "is_input_quantized": "True",
      "is_output_quantized": "True"
    },
    "fsmn_layer_1.affine.linear.linear": {
      "is_input_quantized": "True",
      "is_output_quantized": "True"
    },
    "fsmn_layer_1.affine.linear.fsmn_block": {
      "is_input_quantized": "True",
      "is_output_quantized": "True"
    },
    "fsmn_layer_1.affine.linear.affine": {
      "is_input_quantized": "True",
      "is_output_quantized": "True"
    },
    "fsmn_layer_1.relu.linear": {
      "is_input_quantized": "True",
      "is_output_quantized": "True"
    },
    "fsmn_layer_1.relu.fsmn_block": {
      "is_input_quantized": "True",
      "is_output_quantized": "True"
    },
    "fsmn_layer_1.relu.affine": {
      "is_input_quantized": "True",
      "is_output_quantized": "True"
    },
    "fsmn_layer_2.linear": {
      "is_input_quantized": "True",
      "is_output_quantized": "True"
    },
    "fsmn_layer_2.fsmn_block": {
      "is_input_quantized": "True",
      "is_output_quantized": "True"
    },
    "fsmn_layer_2.affine": {
      "is_input_quantized": "True",
      "is_output_quantized": "True"
    },
    "fsmn_layer_2.linear.linear": {
      "is_input_quantized": "True",
      "is_output_quantized": "True"
    },
    "fsmn_layer_2.linear.fsmn_block": {
      "is_input_quantized": "True",
      "is_output_quantized": "True"
    },
    "fsmn_layer_2.linear.affine": {
      "is_input_quantized": "True",
      "is_output_quantized": "True"
    },
    "fsmn_layer_2.linear.linear.linear": {
      "is_input_quantized": "True",
      "is_output_quantized": "True"
    },
    "fsmn_layer_2.linear.linear.fsmn_block": {
      "is_input_quantized": "True",
      "is_output_quantized": "True"
    },
    "fsmn_layer_2.linear.linear.affine": {
      "is_input_quantized": "True",
      "is_output_quantized": "True"
    },
    "fsmn_layer_2.fsmn_block.linear": {
      "is_input_quantized": "True",
      "is_output_quantized": "True"
    },
    "fsmn_layer_2.fsmn_block.fsmn_block": {
      "is_input_quantized": "True",
      "is_output_quantized": "True"
    },
    "fsmn_layer_2.fsmn_block.affine": {
      "is_input_quantized": "True",
      "is_output_quantized": "True"
    },
    "fsmn_layer_2.fsmn_block.conv_left.linear": {
      "is_input_quantized": "True",
      "is_output_quantized": "True"
    },
    "fsmn_layer_2.fsmn_block.conv_left.fsmn_block": {
      "is_input_quantized": "True",
      "is_output_quantized": "True"
    },
    "fsmn_layer_2.fsmn_block.conv_left.affine": {
      "is_input_quantized": "True",
      "is_output_quantized": "True"
    },
    "fsmn_layer_2.affine.linear": {
      "is_input_quantized": "True",
      "is_output_quantized": "True"
    },
    "fsmn_layer_2.affine.fsmn_block": {
      "is_input_quantized": "True",
      "is_output_quantized": "True"
    },
    "fsmn_layer_2.affine.affine": {
      "is_input_quantized": "True",
      "is_output_quantized": "True"
    },
    "fsmn_layer_2.affine.linear.linear": {
      "is_input_quantized": "True",
      "is_output_quantized": "True"
    },
    "fsmn_layer_2.affine.linear.fsmn_block": {
      "is_input_quantized": "True",
      "is_output_quantized": "True"
    },
    "fsmn_layer_2.affine.linear.affine": {
      "is_input_quantized": "True",
      "is_output_quantized": "True"
    },
    "fsmn_layer_2.relu.linear": {
      "is_input_quantized": "True",
      "is_output_quantized": "True"
    },
    "fsmn_layer_2.relu.fsmn_block": {
      "is_input_quantized": "True",
      "is_output_quantized": "True"
    },
    "fsmn_layer_2.relu.affine": {
      "is_input_quantized": "True",
      "is_output_quantized": "True"
    },
    "fsmn_layer_3.linear": {
      "is_input_quantized": "True",
      "is_output_quantized": "True"
    },
    "fsmn_layer_3.fsmn_block": {
      "is_input_quantized": "True",
      "is_output_quantized": "True"
    },
    "fsmn_layer_3.affine": {
      "is_input_quantized": "True",
      "is_output_quantized": "True"
    },
    "fsmn_layer_3.linear.linear": {
      "is_input_quantized": "True",
      "is_output_quantized": "True"
    },
    "fsmn_layer_3.linear.fsmn_block": {
      "is_input_quantized": "True",
      "is_output_quantized": "True"
    },
    "fsmn_layer_3.linear.affine": {
      "is_input_quantized": "True",
      "is_output_quantized": "True"
    },
    "fsmn_layer_3.linear.linear.linear": {
      "is_input_quantized": "True",
      "is_output_quantized": "True"
    },
    "fsmn_layer_3.linear.linear.fsmn_block": {
      "is_input_quantized": "True",
      "is_output_quantized": "True"
    },
    "fsmn_layer_3.linear.linear.affine": {
      "is_input_quantized": "True",
      "is_output_quantized": "True"
    },
    "fsmn_layer_3.fsmn_block.linear": {
      "is_input_quantized": "True",
      "is_output_quantized": "True"
    },
    "fsmn_layer_3.fsmn_block.fsmn_block": {
      "is_input_quantized": "True",
      "is_output_quantized": "True"
    },
    "fsmn_layer_3.fsmn_block.affine": {
      "is_input_quantized": "True",
      "is_output_quantized": "True"
    },
    "fsmn_layer_3.fsmn_block.conv_left.linear": {
      "is_input_quantized": "True",
      "is_output_quantized": "True"
    },
    "fsmn_layer_3.fsmn_block.conv_left.fsmn_block": {
      "is_input_quantized": "True",
      "is_output_quantized": "True"
    },
    "fsmn_layer_3.fsmn_block.conv_left.affine": {
      "is_input_quantized": "True",
      "is_output_quantized": "True"
    },
    "fsmn_layer_3.affine.linear": {
      "is_input_quantized": "True",
      "is_output_quantized": "True"
    },
    "fsmn_layer_3.affine.fsmn_block": {
      "is_input_quantized": "True",
      "is_output_quantized": "True"
    },
    "fsmn_layer_3.affine.affine": {
      "is_input_quantized": "True",
      "is_output_quantized": "True"
    },
    "fsmn_layer_3.affine.linear.linear": {
      "is_input_quantized": "True",
      "is_output_quantized": "True"
    },
    "fsmn_layer_3.affine.linear.fsmn_block": {
      "is_input_quantized": "True",
      "is_output_quantized": "True"
    },
    "fsmn_layer_3.affine.linear.affine": {
      "is_input_quantized": "True",
      "is_output_quantized": "True"
    },
    "fsmn_layer_3.relu.linear": {
      "is_input_quantized": "True",
      "is_output_quantized": "True"
    },
    "fsmn_layer_3.relu.fsmn_block": {
      "is_input_quantized": "True",
      "is_output_quantized": "True"
    },
    "fsmn_layer_3.relu.affine": {
      "is_input_quantized": "True",
      "is_output_quantized": "True"
    },
    "in_linear1": {
      "is_input_quantized": "True",
      "is_output_quantized": "True"
    },
    "in_linear2": {
      "is_input_quantized": "True",
      "is_output_quantized": "True"
    },
    "out_linear1": {
      "is_input_quantized": "True",
      "is_output_quantized": "True"
    },
    "out_linear2": {
      "is_input_quantized": "True",
      "is_output_quantized": "True"
    }
  }
}