{
  "comparison_summary": {
    "is_consistent": false,
    "python_reference": {
      "shape": [
        1,
        644,
        248
      ],
      "min": 8.52284820496152e-09,
      "max": 0.8710765838623047,
      "mean": 0.004032257944345474,
      "std": 0.030546249821782112
    },
    "c_implementation": {
      "shape": [
        1,
        644,
        248
      ],
      "min": 0.0,
      "max": 9.522882,
      "mean": 0.03863962127454417,
      "std": 0.2905187506895
    }
  },
  "data_quality_issues": {
    "inf_count": 0,
    "nan_count": 0,
    "large_values_count": 0,
    "zero_count": 79238,
    "total_elements": 159712
  },
  "difference_analysis": {
    "max_abs_diff": 9.520757848552211,
    "mean_abs_diff": 0.03967069224561746,
    "large_diff_count": 1281
  }
}