{
  "is_consistent": true,
  "tolerance": 1e-06,
  "reference_stats": {
    "shape": [
      1,
      644,
      248
    ],
    "min": 8.52284820496152e-09,
    "max": 0.8710765838623047,
    "mean": 0.004032257944345474,
    "std": 0.030546249821782112
  },
  "inference_stats": {
    "shape": [
      1,
      644,
      248
    ],
    "min": 8.52284820496152e-09,
    "max": 0.8710765838623047,
    "mean": 0.004032257944345474,
    "std": 0.030546249821782112
  },
  "difference_stats": {
    "max_abs_diff": 0.0,
    "mean_abs_diff": 0.0,
    "elements_gt_1e6": 0,
    "elements_gt_1e5": 0,
    "elements_gt_1e4": 0
  }
}